foto,nome_completo,nome_completo_mae,data_nascimento,cpf,cns,cep,endereco,numero,bairro,complemento,cidade,estado
https://via.placeholder.com/150x150.png/0066cc?text=people+sed,"Sra. Silvana Gonçalves Gil","Srta. Tainara Danielle Dominato Jr.",1992-04-29,672.290.404-00,469676159560007,77636-527,"Largo Valéria de Oliveira, 4. Apto 133",7182,"Dr. Juliano Mendes Ferminiano Filho","Apto 4","Porto Cezar do Leste",PR
https://via.placeholder.com/150x150.png/0000cc?text=people+voluptas,"Marília Faria Gonçalves Jr.","Heloísa Luiza Pereira Jr.",1983-08-29,917.577.529-86,454514939770001,19285-365,"R. Alícia, 687. Apto 46",8684,"Sra. Valentina Sales","Apto 27","Santa Daniel",CE
https://via.placeholder.com/150x150.png/00ddee?text=people+rerum,"Murilo Pena Neto","Nayara Azevedo Filho",2020-06-29,812.798.303-95,098145181360009,86679-052,"Largo Suelen Bezerra, 7. Apto 4219",286,"Sra. Tainara Galvão Marinho Jr.","Bc. 6 Ap. 43","Maicon do Sul",AP
https://via.placeholder.com/150x150.png/004466?text=people+sint,"Sr. Estêvão Pontes","Sra. Abgail Uchoa Jr.",2015-05-03,521.461.894-87,623506991710000,78101-386,"Travessa Willian Sanches, 9568",911,"Louise Correia de Freitas Sobrinho","Apto 12","Roberto do Sul",SP
https://via.placeholder.com/150x150.png/00cc11?text=people+sed,"Bruno Meireles Rivera Neto","Srta. Priscila Souza",1980-07-20,360.370.706-01,724659659170005,35151-651,"Largo Fátima Teles, 5. Fundos",24,"Alessandra Vega Zambrano Jr.","Bloco C","Vila Alessandro",MS
https://via.placeholder.com/150x150.png/0088dd?text=people+in,"Sra. Mila Bruna Rocha Filho","Sra. Bruna Tâmara Vila Neto",1979-05-22,866.220.362-09,578724414320005,06030-875,"Av. Tiago, 982. Apto 97",19,"Sr. Matias Sales Zaragoça Neto","489º Andar","Vila Mônica",MA
https://via.placeholder.com/150x150.png/007711?text=people+enim,"Sr. Flávio Neves","Dr. Marisa Bonilha",1973-07-20,467.390.310-29,040420621160003,90339-072,"Avenida Priscila Salas, 81100",56782,"Danielle Santacruz Bittencourt Filho","Apto 67","Porto Noel do Leste",MA
https://via.placeholder.com/150x150.png/005566?text=people+provident,"Cynthia Cordeiro Sobrinho","Dr. Gabriela Sônia Saraiva",1989-09-09,115.271.036-25,835750533430000,41481-416,"Largo Mari Balestero, 25784. Fundos",8,"Sr. Tiago Saraiva","0º Andar","Natália do Sul",ES
https://via.placeholder.com/150x150.png/00ffcc?text=people+magnam,"Dr. Elias Aragão Martines","Sra. Alícia Helena Soares",1990-05-17,313.204.273-08,458379506870009,42540-800,"Av. Sofia Bonilha, 151. Apto 062",74218,"Hugo Duarte","Apto 9129","Santa Helena",MG
https://via.placeholder.com/150x150.png/005555?text=people+occaecati,"Dr. Horácio Fontes Sales Sobrinho","Michele Caroline de Freitas",1987-07-03,373.772.138-68,545579845070008,21128-054,"Av. Luciana, 293",72540,"Srta. Kamila Barreto","Apto 42","Vila Fábio do Leste",MG
https://via.placeholder.com/150x150.png/002244?text=people+dolorem,"Louise Alves Benez Sobrinho","Júlia Rosa Sobrinho",2016-07-18,250.837.033-94,928915876450005,63602-697,"Avenida Teles, 59122. Bloco C",50006,"Dr. Cynthia Barros Neto",F,"Porto Daiane",DF
https://via.placeholder.com/150x150.png/0066cc?text=people+aut,"Sr. Dante D'ávila Soares Jr.","Noa Neves Galvão Filho",1993-04-26,862.811.125-55,846444777670002,98112-993,"Largo Fabrício, 36. Apto 5217",5330,"Roberto Padilha","Apto 49","Jimenes do Sul",BA
https://via.placeholder.com/150x150.png/0066dd?text=people+in,"Eva Paz Neto","Srta. Ketlin Betina Feliciano",1988-12-05,397.137.799-83,197809343230003,79683-853,"Travessa Isabel Verdugo, 9. Anexo",85739,"Suelen Beltrão Souza","7º Andar","Filipe do Sul",AL
https://via.placeholder.com/150x150.png/0044bb?text=people+sint,"Cezar Maia de Freitas","Sra. Jasmin Aranda",1970-01-22,530.125.271-25,702068598440001,09215-878,"Rua Santiago, 90. Bloco B",50,"Evandro Lutero Filho","Bloco C","Santa Marcos",RR
https://via.placeholder.com/150x150.png/0033cc?text=people+et,"Aline Vasques","Isabelly Azevedo Rodrigues Jr.",2002-05-22,910.863.251-09,609760666520009,99102-331,"Travessa Ivana Fontes, 5674",60,"Srta. Ketlin Caldeira","10º Andar","São Samara",SP
https://via.placeholder.com/150x150.png/0099ff?text=people+non,"Carolina Marés","Fernanda Ferreira",2009-04-08,541.191.907-06,159437332570001,51096-908,"Avenida Serra, 821",2,"Srta. Maiara Léia Medina Filho","97º Andar","São Andréia do Sul",SC
https://via.placeholder.com/150x150.png/00dd44?text=people+corporis,"Clarice Verdara Sobrinho","Olívia Sônia Vale Filho",1993-07-12,419.441.432-20,740799902100004,92049-667,"R. Mauro Mascarenhas, 9846",7,"Santiago Rodrigues Padilha Sobrinho","Bc. 8 Ap. 26","Rocha do Sul",PI
https://via.placeholder.com/150x150.png/00eedd?text=people+dolorem,"Ivan Torres Neto","Srta. Bia Rosana Lutero Sobrinho",1985-05-13,075.996.358-40,907870331700007,11542-939,"Travessa Gomes, 7. F",644,"Thomas Carvalho Leon Sobrinho","Bc. 59 Ap. 46","Queirós do Leste",GO
https://via.placeholder.com/150x150.png/0055bb?text=people+natus,"Emilly Rivera","Elisa Perez Gonçalves",1996-01-27,705.089.440-07,791482759560001,02619-401,"Largo Alexandre Pedrosa, 323",59,"Tábata Garcia","Apto 05","Porto Cláudia",PI
https://via.placeholder.com/150x150.png/00ccbb?text=people+facere,"Nádia Emily Delgado Neto","Andressa Ramires",1971-02-18,972.668.121-94,449512754870001,63748-547,"Avenida Serrano, 57255",2,"Cristina Ortega","Apto 5360","Kauan do Sul",TO
https://via.placeholder.com/150x150.png/004477?text=people+dolor,"Lívia Delvalle Jr.","Sra. Samanta Martines da Rosa Jr.",1972-07-07,568.642.508-65,229659080360002,26059-990,"Avenida Adriel, 5. Apto 7",1984,"Sra. Pérola Serra Branco","Apto 110","Santa Ellen",RS
https://via.placeholder.com/150x150.png/00ccff?text=people+nisi,"Paola Ramos","Graziela Marília Barreto",1999-10-22,905.165.914-87,174008740220001,12209-567,"Largo Alexandre Matos, 4105. Bloco C",3,"Srta. Suelen Deverso Solano","Apto 5","Garcia d'Oeste",AP
https://via.placeholder.com/150x150.png/00cc66?text=people+et,"Alexa Marin","Srta. Dayana Gabriela Padilha",2004-12-12,849.620.059-01,290658143240005,59513-187,"R. Breno, 14. Apto 4958",482,"Davi Reinaldo de Souza Jr.","66º Andar","São Lorena do Leste",CE
https://via.placeholder.com/150x150.png/006666?text=people+sed,"Isabel Sandoval","Dr. Melinda Toledo Valentin",2017-04-01,860.932.332-35,698756325870002,69132-560,"Avenida Rodrigo, 77. F",14735,"Sr. Daniel Pedro Lozano Neto",Anexo,"São Christopher",MA
https://via.placeholder.com/150x150.png/005588?text=people+saepe,"Dr. Ian Vinícius Cordeiro","Dr. Karine Mascarenhas D'ávila",1980-12-07,915.241.576-78,103689096870005,44714-504,"Rua Melinda, 64666. Bc. 7 Ap. 83",4,"Dr. Enzo Deverso Galvão","Bloco A","Espinoza do Norte",PA
https://via.placeholder.com/150x150.png/00ee44?text=people+cumque,"Sr. Jonas Tiago Serrano","Mayara Balestero Faria Sobrinho",2010-03-25,960.712.304-20,229851636900007,92262-300,"Largo Pérola, 26394. Bloco B",21427,"Adriel Leal Medina Filho","Bc. 82 Ap. 67","Gael d'Oeste",PR
https://via.placeholder.com/150x150.png/0088bb?text=people+ipsa,"Beatriz Thalissa Zaragoça Neto","Thalita Dayana Zamana",2018-10-03,951.573.158-56,365435346080007,92456-303,"R. Ziraldo, 25144. Bloco A",90,"Fernanda Urias Aranda",Anexo,"Valéria d'Oeste",RS
https://via.placeholder.com/150x150.png/0000dd?text=people+dignissimos,"Wesley Noel Rocha Neto","Sheila Arruda Lovato Jr.",2001-11-25,353.556.284-86,743487855060000,75327-372,"Rua Beatriz, 10930. Apto 11",352,"Srta. Gabriela Daiane Ortiz","Bloco C","Stephanie do Leste",AL
https://via.placeholder.com/150x150.png/0033aa?text=people+vero,"Edson Garcia","Milene Suzana Delatorre Neto",1973-03-13,215.819.218-61,933812069380005,33772-073,"Avenida Alícia, 1",40,"Srta. Louise Medina","051º Andar","Vila Artur",TO
https://via.placeholder.com/150x150.png/00cc33?text=people+maxime,"Sr. Evandro Demian Mendonça","Agatha Arruda Assunção",1997-05-08,139.311.034-71,215783101660003,42210-171,"Av. Noemi, 7593. Bc. 5 Ap. 84",681,"Eliane Pereira Verdara Filho","Apto 42","Porto Carla do Norte",SP
https://via.placeholder.com/150x150.png/006622?text=people+veniam,"Agostinho Everton Pedrosa Jr.","Sra. Suzana Dominato Velasques Jr.",1998-05-21,665.873.574-31,056429585060002,48354-751,"Avenida Dominato, 53452",92820,"Eric Pedrosa","Apto 5","São Maicon",AC
https://via.placeholder.com/150x150.png/00aa11?text=people+eaque,"Vinícius Wagner Ferreira Neto","Carla Daniela de Oliveira",2012-12-01,197.821.788-96,178703498070009,47878-004,"Av. Toledo, 878. 678º Andar",8,"Louise Anita Marques",Anexo,"São Lúcia",AP
https://via.placeholder.com/150x150.png/00ccee?text=people+excepturi,"César Alves","Maitê Assunção",1972-05-29,423.289.686-43,079309581010000,24497-730,"Largo Benício Santacruz, 36",696,"Dr. Ketlin Paola Gusmão",Anexo,"Abreu do Norte",PA
https://via.placeholder.com/150x150.png/00dd66?text=people+quia,"Srta. Bia da Silva Padrão","Regina Correia Duarte Neto",2014-05-07,098.207.283-04,726520634570009,84896-805,"Av. Torres, 93. Apto 587",710,"Sra. Pietra Paes Tamoio Sobrinho","Bc. 37 Ap. 85","Espinoza d'Oeste",SE
https://via.placeholder.com/150x150.png/0033ee?text=people+expedita,"Dr. Laura Jimenes Filho","Paula Ferraz Perez",1995-12-07,393.010.972-73,236535089950007,11232-671,"Largo Ana Marques, 562. F",3,"Sr. Cristian Rosa Roque","Apto 1660","Queirós do Leste",TO
https://via.placeholder.com/150x150.png/0044bb?text=people+consequuntur,"Dr. Leonardo Márcio Salas Filho","Sra. Julieta Guerra Sobrinho",1976-09-22,589.323.951-28,084934173110009,79967-577,"Travessa Pedro, 44",1,"Sr. Benedito Garcia Neves Sobrinho","67º Andar","Vila Aaron do Norte",AL
https://via.placeholder.com/150x150.png/00aa00?text=people+voluptatem,"Sra. Julieta Tessália Souza","Sra. Luara Tainara Delvalle",1970-12-15,152.099.957-71,881059073030002,78330-910,"Rua Micaela Fonseca, 14206",8895,"Manuel Benites Branco Neto","Bloco C","Porto Tomás",SC
https://via.placeholder.com/150x150.png/00dd22?text=people+qui,"Dr. Raphael Leonardo Ferminiano","Sra. Rosana Luzia Valente",2006-11-19,503.950.086-62,571636395300003,16589-246,"R. Carrara, 635. Bc. 78 Ap. 07",9,"Dr. Nicolas Willian Cordeiro Neto","Apto 50","São Noa",AP
https://via.placeholder.com/150x150.png/00aaee?text=people+similique,"Sr. Máximo Guilherme Camacho","Raissa Vega Jr.",2020-02-20,073.699.545-52,746004584410006,62706-198,"Av. Maraisa, 190",91992,"Analu Matos Padilha Jr.",F,"Zamana do Norte",RN
https://via.placeholder.com/150x150.png/007722?text=people+quasi,"Manuela Santiago Valentin","Sra. Bianca Quintana Quintana Jr.",1976-10-14,909.307.888-77,175559156890005,41558-632,"Travessa Jean Sanches, 2. Apto 0",65137,"Lara Branco",F,"São Naiara",SE
https://via.placeholder.com/150x150.png/000066?text=people+aut,"Elizabeth Galindo Jr.","Dr. Yohanna Gabrielly Barros",2023-01-26,241.983.839-44,271307111760009,73335-702,"Av. Viviane, 40. Fundos",539,"Dr. Thomas Deivid Delgado","Bloco B","Manuel do Norte",AM
https://via.placeholder.com/150x150.png/0033dd?text=people+rerum,"Ronaldo Francisco Solano Neto","Sra. Regiane Maia",2009-07-08,796.828.645-00,933240697580018,89178-279,"Rua Richard Salazar, 350",88257,"Srta. Amanda Carla Ramires","Bc. 20 Ap. 00","Santa Isabelly",DF
https://via.placeholder.com/150x150.png/00cc11?text=people+aut,"Dr. Edson Gomes","Ayla Vanessa Pereira Sobrinho",1994-07-22,878.970.648-08,708369258850006,32850-172,"Rua Eloá, 76222",473,"Noemi Galhardo Franco Jr.","Bc. 23 Ap. 33","São Sara",ES
https://via.placeholder.com/150x150.png/0099bb?text=people+cum,"Sra. Cristiana Serrano Verdugo","Cristiana Maldonado Santana",2000-08-26,532.671.624-08,941353387500000,17450-972,"Av. César, 9846",5,"Srta. Sueli Alexa Paz Neto","Bc. 9 Ap. 56","Vila Helena do Norte",AM
https://via.placeholder.com/150x150.png/003344?text=people+vel,"Rogério Benites Ferreira Neto","Manuela Ramos Neto",2006-03-14,935.429.996-28,027244962870009,11550-815,"Avenida Saulo Valentin, 71008",38,"Marta Emilly Bezerra","Apto 2","Porto Santiago do Leste",MG
https://via.placeholder.com/150x150.png/00ccbb?text=people+sed,"Sr. Ítalo Fabrício Quintana","Dr. Janaina Maldonado Sobrinho",2020-08-06,578.545.200-62,541317003030000,03583-422,"R. Manoela, 2798",14,"Rafaela Sofia Esteves","9º Andar","Porto César",RS
https://via.placeholder.com/150x150.png/0055bb?text=people+id,"Paola Galhardo Padrão Sobrinho","Sra. Madalena Aline da Cruz",2006-06-04,543.579.073-57,877364470770007,88965-358,"R. Gabriela, 56750",4,"Ornela Pontes Romero Jr.","Bc. 4 Ap. 87","Vila Ornela",RJ
https://via.placeholder.com/150x150.png/0077cc?text=people+temporibus,"Srta. Andressa Lavínia Barreto Filho","Nádia Beltrão Jr.",1990-10-15,154.142.659-25,179659519380006,01410-314,"Av. Emília, 1",4491,"Sra. Pietra Emily Bezerra","Bloco C","Vila Fábio d'Oeste",BA
https://via.placeholder.com/150x150.png/0011cc?text=people+itaque,"Ziraldo Feliciano Ramires Filho","Mayara Rico Caldeira",1970-02-27,766.541.495-80,155505551000000,33811-797,"Travessa Viviane, 1524. Bc. 92 Ap. 89",72,"Tessália Camacho Ortiz Jr.","Bloco A","Santa Afonso do Norte",BA
https://via.placeholder.com/150x150.png/0022cc?text=people+velit,"Dr. Edilson Marcos Gusmão","Lidiane Lira Fonseca Neto",2003-10-03,717.539.904-91,068154365080006,43629-405,"R. Antônio, 90. Apto 30",1436,"Sra. Maraisa Salgado Tamoio","92º Andar","Porto Thales",RN
https://via.placeholder.com/150x150.png/0011ff?text=people+iusto,"Sr. Henrique Carrara","Sra. Allison Santiago Mendes",1986-01-09,314.908.664-77,478653766600008,97561-215,"Largo Rico, 2",62,"Eduardo Faria Sobrinho","Apto 2021","Vila Raissa do Leste",PB
https://via.placeholder.com/150x150.png/007744?text=people+rerum,"Leandro Rodrigo Marques Filho","Sra. Hosana Natália Cordeiro",1993-03-21,263.662.769-35,797307843720000,87068-445,"Rua Galhardo, 42453. 24º Andar",9408,"Srta. Norma Vieira Ferminiano","Bc. 15 Ap. 71","Vila Malu",GO
https://via.placeholder.com/150x150.png/008811?text=people+alias,"Sra. Danielle Furtado Romero Sobrinho","Dr. Késia Reis Gusmão",2017-04-01,564.676.403-30,934979870340001,51189-907,"Avenida Urias, 34",62595,"Sr. Walter Pacheco","Bloco B","Porto Gean",PA
https://via.placeholder.com/150x150.png/0099ff?text=people+eveniet,"Priscila Verdugo Montenegro","Miranda Alves Espinoza Filho",1983-08-18,608.810.395-78,937943672800005,06137-737,"Rua Gean Rodrigues, 7",27,"Josué Adriano Verdara","547º Andar","Vila Dener",RJ
https://via.placeholder.com/150x150.png/006611?text=people+ut,"Clara Rivera Furtado","Dr. Pérola Elizabeth Dias",1973-07-28,936.830.570-68,750227984070007,96234-329,"Largo Mateus Soares, 1. 25º Andar",2487,"Flávio Chaves Filho","Bloco B","Porto Bia do Sul",SP
https://via.placeholder.com/150x150.png/0088aa?text=people+aut,"Dr. Diogo Mário Padrão Jr.","Srta. Noelí Emanuelly Batista Filho",2007-02-06,211.252.456-97,741277267080006,34613-431,"R. Paz, 9623. Apto 47",352,"Marcelo Valdez Solano","Apto 306","Galvão d'Oeste",PE
https://via.placeholder.com/150x150.png/001144?text=people+amet,"Dr. Ester Vasques Sobrinho","Sra. Juliana Corona",2003-04-27,898.925.223-70,366742010460001,83968-058,"Travessa Renato Casanova, 7499",9547,"Sra. Betina Meireles Filho","Bloco B","Santacruz d'Oeste",AP
https://via.placeholder.com/150x150.png/002211?text=people+in,"Sr. Hernani Leon","Sra. Andressa de Arruda Velasques Sobrinho",1992-05-09,895.337.815-05,481956299480002,27308-945,"Avenida Santacruz, 68579",9,"Márcia Vanessa Maia Jr.","Apto 5","Santa Elisa",RR
https://via.placeholder.com/150x150.png/004477?text=people+tempore,"Sr. Benedito Santiago Leal Jr.","Thalia Allison Salazar Sobrinho",2016-11-19,451.240.436-87,365477821440000,04605-535,"R. Ivana Perez, 244",2,"Srta. Ohana Matos","Bloco C","Sara do Norte",SC
https://via.placeholder.com/150x150.png/008822?text=people+consequatur,"Srta. Márcia Santos","Stephanie Domingues Valência",2015-03-10,448.080.001-80,177299587010003,45319-424,"Rua Corona, 59",608,"Sra. Lúcia Garcia Filho","Bloco C","Santa Emanuelly d'Oeste",MG
https://via.placeholder.com/150x150.png/008877?text=people+ut,"Srta. Pérola Flores","Srta. Luzia Ramires Fernandes",2021-03-20,148.909.068-19,514887441480005,94172-388,"R. Simon Bonilha, 4. Bc. 64 Ap. 60",416,"Srta. Aparecida Reis Filho","Bc. 74 Ap. 09","Franco do Leste",RS
https://via.placeholder.com/150x150.png/00bb33?text=people+asperiores,"Dr. Lorenzo Faro Verdara Sobrinho","Dr. Sheila Aragão Corona Sobrinho",2010-12-11,310.132.485-89,425343327360004,64826-627,"R. Gomes, 3845",5,"Maiara Santacruz Filho",Anexo,"Olívia do Norte",RR
https://via.placeholder.com/150x150.png/00cc66?text=people+sint,"Sra. Silvana Rebeca Rico","Sra. Pérola Marta Zamana",1984-11-18,746.062.828-00,420204398210006,57568-055,"Av. Karina Leon, 8. Bloco B",176,"Juliane Alcantara Maldonado","Apto 4","Saraiva d'Oeste",ES
https://via.placeholder.com/150x150.png/006600?text=people+voluptates,"Michelle Cordeiro Perez Neto","Srta. Jennifer Toledo",2003-12-15,151.423.665-65,310712503340008,15509-377,"Av. Melina, 156",24485,"Sra. Nádia de Oliveira Delgado","Apto 6972","Santa Hugo d'Oeste",SE
https://via.placeholder.com/150x150.png/0077bb?text=people+dicta,"Srta. Hosana Cortês Godói","Srta. Alessandra Pacheco",1977-11-15,810.202.702-92,594748194520006,62217-782,"Largo Jorge, 728. Bloco A",8756,"Edilson Pacheco Sobrinho","Apto 5","São Mel d'Oeste",DF
https://via.placeholder.com/150x150.png/00aa66?text=people+necessitatibus,"Dr. Matias Ramires","Emily Mirella Franco",2010-03-12,575.654.036-95,849603090770006,37791-054,"Avenida Ferreira, 83. Bloco C",3,"Adriano Queirós",F,"Suelen do Leste",RR
https://via.placeholder.com/150x150.png/0044bb?text=people+architecto,"Valentin Valência de Oliveira","Dr. Emilly Lorena Feliciano Filho",1994-03-15,921.788.369-76,355223578290003,72099-542,"Av. Gael, 99. Bloco A",27233,"Cristiana Barreto Dominato Sobrinho","Bc. 3 Ap. 39","Camila d'Oeste",DF
https://via.placeholder.com/150x150.png/0055dd?text=people+magnam,"Joyce Alice D'ávila Filho","Srta. Raissa Caldeira Guerra",2007-06-19,612.256.408-73,502409877740006,39260-218,"Largo Isabel, 5224. Bloco A",99,"Sra. Cláudia Vasques","Apto 39","Vila Silvana",PB
https://via.placeholder.com/150x150.png/00eebb?text=people+qui,"Dr. Denis Lovato","Dr. Beatriz Paulina Teles",1988-11-20,587.309.267-26,893727528340000,99921-484,"Travessa Pablo, 86476",16,"Dr. Mirela Esther Salgado Jr.","Bc. 86 Ap. 91","Barros d'Oeste",MS
https://via.placeholder.com/150x150.png/00eeaa?text=people+odio,"Luciana Branco Flores","Srta. Isabelly Vieira Jr.",1976-07-23,605.994.660-73,598096302080005,59779-459,"Avenida Mary, 1",84617,"Sra. Nicole Carla Valdez Neto",Anexo,"de Freitas do Norte",PE
https://via.placeholder.com/150x150.png/008855?text=people+alias,"Wilson Luan Colaço","Mirella Estrada Sobrinho",2002-05-06,756.976.561-30,656779125130002,23829-292,"Av. Benedito, 444",94,"Dr. Francisco Esteves Filho",Fundos,"Porto Joaquim do Sul",PE
https://via.placeholder.com/150x150.png/003344?text=people+est,"Sra. Kelly Ávila Bezerra Jr.","Dr. Isadora da Rosa Fontes Filho",1978-09-14,367.870.665-70,470193687760001,41338-654,"Travessa Dominato, 9272. 2º Andar",5,"Sra. Melissa Renata de Arruda Neto","Bc. 05 Ap. 22","Correia do Leste",RS
https://via.placeholder.com/150x150.png/001166?text=people+voluptatem,"Kamila Rezende","Srta. Jéssica Marques Beltrão Jr.",1982-04-27,249.195.857-05,834571131600003,48741-332,"Largo Santiago, 956",7595,"Hosana Vanessa Arruda","Apto 9360","Santiago do Norte",MS
https://via.placeholder.com/150x150.png/00bb33?text=people+repellendus,"Sr. Dener Vinícius Rivera Jr.","Luara Faro",2001-03-22,707.795.009-38,096296011960009,35316-961,"Largo Simon, 7",97,"Dr. Dante Ramires Alcantara Filho","Bc. 8 Ap. 88","Reinaldo do Leste",AP
https://via.placeholder.com/150x150.png/0055ee?text=people+adipisci,"Luísa Dominato","Sra. Nathalia Sofia Sales",2022-10-06,258.973.850-17,622725449150000,04101-613,"Travessa Priscila Barros, 79. Bloco B",618,"Srta. Eva Benez Casanova Sobrinho",F,"Porto Julieta",PE
https://via.placeholder.com/150x150.png/00ff11?text=people+laboriosam,"Dr. Mayara Fonseca Neto","Valéria Teles Filho",2017-10-15,647.074.768-05,084404980540004,57463-599,"Av. Juliano, 667. 25º Andar",22,"Sra. Laura Alves Souza","Bloco B","Porto José",BA
https://via.placeholder.com/150x150.png/006666?text=people+odio,"Agostinho Caldeira","Srta. Carla Grego Jr.",1990-03-20,273.022.069-02,485824375600001,04293-038,"R. Madalena, 3926",6,"Wellington Esteves Jr.",F,"Fabrício do Sul",SC
https://via.placeholder.com/150x150.png/00ff99?text=people+qui,"Sra. Rafaela Corona Cortês Sobrinho","Sra. Janaina Samanta Beltrão Sobrinho",1985-01-08,234.540.858-88,394209162290008,52189-467,"Rua Julieta, 9012",413,"Alonso Carmona","6º Andar","Porto Kauan do Sul",RR
https://via.placeholder.com/150x150.png/008844?text=people+quia,"Gabi Fonseca","Melissa Bonilha Vale Filho",1980-09-02,781.614.676-09,521119468420004,80713-681,"Av. Carmona, 93848. 06º Andar",77,"Sra. Marília Serra Maldonado Jr.","Bloco C","Gabriel do Leste",SE
https://via.placeholder.com/150x150.png/001177?text=people+rerum,"Dr. Antonella Malena Quintana","Julieta Marés Azevedo Neto",1973-11-07,680.283.047-70,113150696190009,99981-721,"Travessa Laiane Guerra, 56813. 72º Andar",3451,"Mari Delgado Filho","Bc. 1 Ap. 64","Porto Luísa",AP
https://via.placeholder.com/150x150.png/007799?text=people+quis,"Rodolfo Velasques Filho","Dr. Simone Martines",1988-01-02,537.967.835-11,962268234280002,89541-720,"Travessa Rodolfo Benez, 93654",509,"Sr. Edilson Gomes Valentin","Apto 056","Porto Valentin do Sul",AP
https://via.placeholder.com/150x150.png/0099bb?text=people+omnis,"Srta. Sheila Nayara Perez Neto","Dr. Paloma Fernandes Ávila",2006-09-23,022.855.186-25,346722495990003,76890-012,"Travessa de Oliveira, 47",79,"Srta. Yohanna Saito","Bloco C","Lucas d'Oeste",TO
https://via.placeholder.com/150x150.png/002222?text=people+sit,"Sr. Santiago Delvalle","Srta. Caroline Daiana Valdez",2008-10-09,326.528.472-79,834645879460002,54303-978,"Largo Dominato, 475. Bloco B",801,"Graziela Santos Jimenes","Bloco A","Roque do Norte",PI
https://via.placeholder.com/150x150.png/004488?text=people+repudiandae,"Denis Cristian Benites","Raquel Dirce Lira Jr.",1978-06-29,128.100.361-10,036607555220003,70345-857,"R. Renata, 3",84774,"Benedito Quintana",F,"São Lúcia",SE
https://via.placeholder.com/150x150.png/0033cc?text=people+voluptates,"Sra. Alice Bia Santiago Sobrinho","Paloma Burgos Cruz Neto",1993-08-28,243.064.544-01,798402339840009,58912-101,"Rua Adriano Fontes, 8265. Bc. 33 Ap. 35",5928,"Wilson Saraiva Aragão Filho","Apto 5991","Reinaldo d'Oeste",RO
https://via.placeholder.com/150x150.png/0055aa?text=people+voluptas,"Alessandra Vila","Cristiana Alcantara Filho",2021-08-16,537.591.465-46,471924382900006,75941-021,"Av. Kamila Santacruz, 93. Bloco A",9,"Marília Campos Branco","Apto 8668","Porto Walter d'Oeste",PB
https://via.placeholder.com/150x150.png/0000ee?text=people+provident,"Sra. Débora Delvalle Sobrinho","Ornela Cecília Queirós",1983-03-19,360.635.466-50,119767191820005,37913-848,"Rua Carol Cordeiro, 191",4165,"Suellen Suelen Ramires","Bloco B","São Danielle",GO
https://via.placeholder.com/150x150.png/0011aa?text=people+quibusdam,"Hernani Bernardo Mendes Jr.","Dr. Flávia Stephanie Paz Sobrinho",2002-04-19,521.370.619-37,509855563180008,11327-732,"Avenida Rangel, 7630. Anexo",9756,"Giovanna Zaragoça Neto","Bc. 4 Ap. 63","Carvalho do Sul",PR
https://via.placeholder.com/150x150.png/001177?text=people+itaque,"Sr. Edson Esteves Santacruz","Sra. Milene Ávila Branco",1999-09-11,241.515.207-24,975281031180009,37855-427,"Travessa Fidalgo, 92460",6,"Lucas das Neves","Apto 48","São Caroline do Leste",RN
https://via.placeholder.com/150x150.png/00ff44?text=people+unde,"Bia Pena Barros","Dr. Clara Barreto Neto",2013-07-03,932.945.697-93,850371915220003,12607-074,"Largo Juan Lutero, 7934. Apto 27",491,"Srta. Yasmin Molina Neto","Bc. 7 Ap. 17","Santa Maria",SC
https://via.placeholder.com/150x150.png/0066cc?text=people+quidem,"Késia Pereira Cordeiro Jr.","Srta. Suelen Catarina Delvalle",1998-11-11,452.341.108-50,159174212310002,81771-868,"Avenida Norma, 24",48575,"Dr. Julieta Júlia Amaral Sobrinho","Apto 90","Nádia d'Oeste",TO
https://via.placeholder.com/150x150.png/00cc44?text=people+et,"Violeta Zambrano Ramos Neto","Melina Espinoza Grego",1982-10-14,447.249.144-32,152435322470005,43722-815,"Av. Burgos, 9558",66,"Lucio Anderson Toledo Filho","Apto 588","Bittencourt d'Oeste",PA
https://via.placeholder.com/150x150.png/0000aa?text=people+qui,"Srta. Ellen Queirós","Eloah Galindo",2008-07-11,018.472.542-92,593646220720004,39310-524,"Travessa Pontes, 4",42,"Sr. Edilson Rivera Medina Jr.","4º Andar","Porto Maya do Leste",RO
https://via.placeholder.com/150x150.png/006600?text=people+quasi,"Agostinho Vieira","Srta. Ivana Queirós Neto",1987-05-07,326.344.722-00,004825215820002,25635-227,"Largo Fernando, 4446",6,"Anderson Verdara Azevedo","Bloco A","Daiane do Leste",RJ
https://via.placeholder.com/150x150.png/001100?text=people+sed,"Luis Correia Santos","Sra. Michele Mayara Jimenes Sobrinho",1982-02-19,018.953.435-42,267295298110004,43671-129,"Rua Gilberto, 652",90998,"Rogério Rangel",Anexo,"Branco do Norte",SC
https://via.placeholder.com/150x150.png/0055ff?text=people+aperiam,"Srta. Regiane de Arruda Dominato Neto","Mari Nicole Amaral",1977-02-05,809.669.206-27,627066420020018,00979-445,"Largo Ariana, 49527",9,"Thalita Dayana Saraiva","01º Andar","Porto Vicente",GO
https://via.placeholder.com/150x150.png/0099ee?text=people+qui,"Srta. Lívia Dias Verdugo","Sra. Cecília Laura Casanova",2015-09-01,471.894.426-00,362355380500001,86404-856,"Rua Mônica, 4033",62353,"Srta. Raissa Vasques Valdez","497º Andar","Vila Luan",SC
https://via.placeholder.com/150x150.png/0088ee?text=people+voluptatum,"Dr. Bia Sepúlveda","Srta. Dayana Rocha",2008-09-23,486.049.168-81,163187036050008,24599-424,"Avenida Rios, 80151",83,"Walter Corona Pontes Filho","Apto 2606","Porto Adriel d'Oeste",PR
https://via.placeholder.com/150x150.png/00ccaa?text=people+ut,"Aaron Pereira","Sra. Ingrid Ariane Lourenço",1970-01-31,114.073.812-70,210842365450000,62700-420,"Rua Janaina Salazar, 22. Bc. 62 Ap. 74",2444,"Srta. Diana Maraisa Tamoio Filho","31º Andar","Santa Andressa do Leste",BA
https://via.placeholder.com/150x150.png/0055ee?text=people+quas,"Paula Pérola Velasques Sobrinho","Sra. Maitê Ortiz Neto",2018-09-13,821.276.215-73,356402361610001,72835-919,"Avenida Saito, 36515. 332º Andar",205,"Sra. Kamila Grego",Fundos,"Porto Fabiano do Leste",AP
